id,category_id,reference,width,height,price,thumbnail,image,description,stock
0,0,an-et6t0-M,36.19,10.94,24.04,https://marmelab.com/posters/animals-1.jpeg,https://marmelab.com/posters/animals-1.jpeg,Rerum distinctio impedit rerum sunt architecto illo. Sit vel blanditiis sint. Hic aut unde officiis quis quisquam minima modi. Placeat sunt natus vero.,97
1,0,an-cncez-V,12.32,23.06,16.37,https://marmelab.com/posters/animals-2.jpeg,https://marmelab.com/posters/animals-2.jpeg,Quia similique tenetur animi. Qui accusamus sit totam aut distinctio. Non ipsam fuga enim reiciendis architecto. Nobis molestiae quisquam optio tempore. Nesciunt dolor ut. Aut asperiores et amet quod.,182
2,0,an-quw5z-S,20.35,23.45,26.01,https://marmelab.com/posters/animals-3.jpeg,https://marmelab.com/posters/animals-3.jpeg,Ut delectus saepe iure dolorum et tempore nostrum. Occaecati esse cumque omnis. Ex voluptates exercitationem dolorem tenetur.,209
3,0,an-3aqyk-D,21.15,19.37,22.5,https://marmelab.com/posters/animals-4.jpeg,https://marmelab.com/posters/animals-4.jpeg,Numquam illum non occaecati et ullam et. Libero aut atque consequatur sed quisquam aliquam sequi magnam placeat. Voluptatem et minima molestiae mollitia aut voluptate animi sint. Qui impedit nisi voluptatum. Ex accusantium quibusdam est.,0
4,0,an-tolc5-V,31.82,11.71,19.94,https://marmelab.com/posters/animals-5.jpeg,https://marmelab.com/posters/animals-5.jpeg,Nobis amet recusandae nulla natus quia explicabo qui nisi. Ad est molestiae iusto commodi. Optio ullam est doloremque eum dolorum adipisci eos consequatur.,109
5,0,an-hhegs-J,34.44,39.62,68.52,https://marmelab.com/posters/animals-6.jpeg,https://marmelab.com/posters/animals-6.jpeg,Voluptates quaerat consequuntur est. Non eveniet fugit. Dicta alias qui nam iste sed ut. Non suscipit et consequuntur et et magnam repellat laborum. Unde quibusdam in sit voluptatibus illo vel non vel. Pariatur quia porro culpa sint.,0
6,0,an-dbixq-U,38.4,24.68,59.42,https://marmelab.com/posters/animals-7.jpeg,https://marmelab.com/posters/animals-7.jpeg,Voluptatem dolorum veniam. Quisquam ex praesentium rerum quae et. Qui quibusdam id dolores pariatur ut sapiente dolores. Quisquam ducimus voluptatem sed.,58
7,0,an-dll66-R,31.86,36.52,65.24,https://marmelab.com/posters/animals-8.jpeg,https://marmelab.com/posters/animals-8.jpeg,Doloremque quam consequatur placeat sit voluptatibus illo dolores. Quod dolorem sed. Quam sed sequi non rerum voluptates est non temporibus. Dignissimos doloribus modi. Illum iste voluptas quasi voluptate doloremque sit eius. Dolorem sit voluptatem porro voluptatem perferendis aperiam consequatur reprehenderit.,177
8,0,an-hndm4-J,32.25,23.64,45.46,https://marmelab.com/posters/animals-9.jpeg,https://marmelab.com/posters/animals-9.jpeg,Nisi architecto voluptatibus aliquid quasi nesciunt et quam debitis. Voluptatem tenetur molestiae. Voluptatem necessitatibus ut voluptatibus temporibus nihil aut.,221
9,0,an-9jb2j-H,28.48,18.2,33.4,https://marmelab.com/posters/animals-10.jpeg,https://marmelab.com/posters/animals-10.jpeg,Sed deleniti fuga cum quis aliquid voluptates suscipit. Quo cum eaque eligendi corporis itaque quam suscipit sequi. Maiores ab et.,2
10,1,be-cb4hg-L,20.77,24.95,29.14,https://marmelab.com/posters/beard-1.jpeg,https://marmelab.com/posters/beard-1.jpeg,Ab laborum vitae est quae quam sunt eos sint voluptatem. Praesentium non laudantium architecto soluta. Aspernatur culpa iusto. In provident officiis assumenda illum.,0
11,1,be-mj7uu-Z,34.45,12.15,24.53,https://marmelab.com/posters/beard-2.jpeg,https://marmelab.com/posters/beard-2.jpeg,Tempore blanditiis quasi adipisci voluptas. Quam sit fugiat eveniet delectus. Reiciendis itaque dolorem suscipit tenetur quam ut quia. Et sunt praesentium quod ea nobis quas. Aut dolor vero quod a recusandae. Voluptates perspiciatis et.,63
12,1,be-jdfib-Q,37.42,32.58,68.55,https://marmelab.com/posters/beard-3.jpeg,https://marmelab.com/posters/beard-3.jpeg,Qui quo animi maiores ab. Numquam tenetur soluta dolore. Amet reprehenderit voluptas dignissimos aspernatur quia non saepe culpa enim. Recusandae id voluptatibus quia est sint earum qui sapiente nihil.,126
13,1,be-ha7yv-S,13.08,36.85,28.85,https://marmelab.com/posters/beard-4.jpeg,https://marmelab.com/posters/beard-4.jpeg,Non quas sunt libero corrupti accusantium quod impedit qui. Voluptatum ut animi recusandae est dignissimos. Molestias laudantium qui nulla est corrupti minus voluptatem nostrum aut.,165
14,1,be-egb1d-Y,18.1,16.27,19.28,https://marmelab.com/posters/beard-5.jpeg,https://marmelab.com/posters/beard-5.jpeg,Similique aperiam soluta rerum consequatur et reprehenderit aliquid quasi dicta. Et culpa aut expedita. Odio unde necessitatibus qui ut qui officiis pariatur provident quis. Ratione quam debitis aut rerum fugit.,208
15,1,be-vcdtr-Y,14.95,21.19,18.51,https://marmelab.com/posters/beard-6.jpeg,https://marmelab.com/posters/beard-6.jpeg,Sit atque quis et nam. Quisquam nisi incidunt sint. Iure aut ut maiores placeat nesciunt hic. Quod quisquam quidem molestiae similique dolorum. Autem rerum distinctio. Facilis voluptatem qui quasi.,162
16,1,be-nf5lx-W,15.84,34.38,31.79,https://marmelab.com/posters/beard-7.jpeg,https://marmelab.com/posters/beard-7.jpeg,Nam accusamus officiis reprehenderit. Enim reprehenderit sequi pariatur error rem aut quisquam accusamus non. Nemo provident laboriosam suscipit. Nam quas velit iusto.,29
17,1,be-ho7om-D,27.98,16.84,30.95,https://marmelab.com/posters/beard-8.jpeg,https://marmelab.com/posters/beard-8.jpeg,Ut doloremque nobis. Consequatur aliquam dolore rerum. Nemo officia maxime non quo sit nihil error est. Quas alias ullam dolor laboriosam et quae. Voluptatem incidunt molestiae magni et aut occaecati libero. Numquam voluptate et quas amet placeat.,21
18,1,be-bm3cz-C,13.57,29.77,20.33,https://marmelab.com/posters/beard-9.jpeg,https://marmelab.com/posters/beard-9.jpeg,Neque molestiae ducimus molestias qui neque. Tenetur reprehenderit non impedit perferendis voluptates et. Commodi inventore reprehenderit molestias dolor quia molestiae vero doloribus dolor.,0
19,1,be-6jvku-Q,13.35,27.51,21.56,https://marmelab.com/posters/beard-10.jpeg,https://marmelab.com/posters/beard-10.jpeg,Non eaque ut quasi quaerat explicabo et labore aut. Voluptas illo eligendi quis. Nobis voluptatem placeat voluptatem sit. Magni accusantium rerum quod rem at neque quidem. Enim vitae rerum.,29
20,2,bu-xdqjt-M,20.8,19.45,23.26,https://marmelab.com/posters/business-1.jpeg,https://marmelab.com/posters/business-1.jpeg,Facere libero nam consequatur minus occaecati explicabo. Aut autem vero ratione temporibus autem voluptatem officiis quia. Velit cupiditate voluptatibus nostrum. Laboriosam nobis non ipsam quas mollitia at quia.,183
21,2,bu-3wiya-G,21.33,31.89,37.5,https://marmelab.com/posters/business-2.jpeg,https://marmelab.com/posters/business-2.jpeg,Aspernatur possimus modi natus laboriosam sapiente quas culpa explicabo. Quisquam quas sed est aliquid. Rerum tempore id occaecati autem voluptate. In dolorem autem. Aut quas quae accusamus accusantium sapiente vel. Libero qui blanditiis.,235
22,2,bu-y6yoy-D,27.03,35.57,53.62,https://marmelab.com/posters/business-3.jpeg,https://marmelab.com/posters/business-3.jpeg,Commodi velit asperiores sint consequatur id commodi fuga ut porro. Eum omnis voluptas molestiae et ipsum illum voluptatibus enim praesentium. Aut nisi alias sapiente dolores facilis. Et temporibus architecto debitis nemo laboriosam enim quam officia.,75
23,2,bu-n564p-Y,21.62,11.11,15.12,https://marmelab.com/posters/business-4.jpeg,https://marmelab.com/posters/business-4.jpeg,Iusto veritatis labore quae fugit illo. Ut sunt veniam voluptatum voluptatem ullam ea. Et earum possimus ut expedita dolorem deleniti quasi. Ducimus libero autem dolorum ea beatae eaque modi sed. Molestiae eos in omnis commodi est et nobis consequatur.,123
24,2,bu-q6wwa-L,18.46,38.31,44.06,https://marmelab.com/posters/business-5.jpeg,https://marmelab.com/posters/business-5.jpeg,Sed reprehenderit ad voluptatum fugit voluptas inventore. Dolorem numquam exercitationem quia. Ea dolore illum non ut quae aspernatur. Rerum assumenda qui error nobis.,249
25,2,bu-814ic-T,34.49,30.54,67.59,https://marmelab.com/posters/business-6.jpeg,https://marmelab.com/posters/business-6.jpeg,Dolor dolore illum doloribus nihil voluptatum deserunt sed accusantium minima. Vel expedita ut sunt aperiam accusantium quo aut. Nobis quis est eos et dolorem occaecati magnam porro quia. Est quia consequatur impedit facere quo aliquam aut dolore quisquam. Aspernatur omnis delectus quos deleniti. Perferendis rerum a ut ex sit nihil iure.,215
26,2,bu-yawyd-T,32.59,39.94,68.28,https://marmelab.com/posters/business-7.jpeg,https://marmelab.com/posters/business-7.jpeg,Et quaerat quis sunt quasi tenetur qui cupiditate laborum. Aut numquam quia autem sed deserunt animi assumenda nulla maxime. Minima eum et voluptatem ut consectetur quia voluptas doloremque. Aperiam et quasi molestiae numquam quis et velit dolorem. Porro quam est sunt reprehenderit quam.,0
27,2,bu-fjcjj-M,16.58,35.78,36.27,https://marmelab.com/posters/business-8.jpeg,https://marmelab.com/posters/business-8.jpeg,Nemo est a omnis voluptas. Et libero quo consequuntur et facilis iusto. Provident non nesciunt laudantium velit optio recusandae sed minus. Aut debitis et ut doloremque qui ut dolorum veritatis harum.,27
28,2,bu-esqie-S,38.84,28.39,59.71,https://marmelab.com/posters/business-9.jpeg,https://marmelab.com/posters/business-9.jpeg,Ipsa consectetur repudiandae sit quibusdam architecto autem dolorum. Est porro aspernatur a qui. Libero totam corporis sequi. Temporibus ipsa perferendis quasi eum ut sed praesentium.,200
29,2,bu-cma2g-J,39.1,23,55.42,https://marmelab.com/posters/business-10.jpeg,https://marmelab.com/posters/business-10.jpeg,Sunt et repellendus qui voluptatem possimus fugiat doloribus aut sit. Aperiam reprehenderit ullam autem totam. Omnis quas architecto modi et et ut. Similique voluptatem perferendis neque dolorum veritatis voluptas magnam ut.,92
30,3,ca-oi433-S,32.38,31.33,63.5,https://marmelab.com/posters/cars-1.jpeg,https://marmelab.com/posters/cars-1.jpeg,Aut expedita amet et similique placeat. Iure atque minima dolor est dolorem iste in quis. Sit aperiam aperiam dicta non velit pariatur. Esse aliquid quibusdam explicabo et. Repellat expedita sint.,0
31,3,ca-1bby0-I,10.18,28.95,16.09,https://marmelab.com/posters/cars-2.jpeg,https://marmelab.com/posters/cars-2.jpeg,Dolores sed impedit. Aliquam aspernatur vero. Ipsa dolore sequi nostrum numquam qui suscipit. Excepturi quo voluptatem molestiae exercitationem vel aperiam qui. Dolor eligendi ratione quo ipsa voluptas et nisi.,53
32,3,ca-8m2pt-G,23.1,23.45,34.83,https://marmelab.com/posters/cars-3.jpeg,https://marmelab.com/posters/cars-3.jpeg,Repellendus velit reiciendis. Culpa ea molestiae quidem sint. Quia repudiandae at placeat itaque. Voluptate adipisci cupiditate. Sit dolorem repellat doloremque.,228
33,3,ca-p89az-N,26.62,18.22,30.37,https://marmelab.com/posters/cars-4.jpeg,https://marmelab.com/posters/cars-4.jpeg,Eius inventore repellat. Eum est suscipit officia dolorem explicabo repellendus. Dolore dolor dicta earum exercitationem cupiditate eos vitae ut. Qui sequi incidunt rerum hic error.,47
34,3,ca-rsmp3-N,17.86,17.49,20.17,https://marmelab.com/posters/cars-5.jpeg,https://marmelab.com/posters/cars-5.jpeg,Unde voluptatibus velit voluptas sit placeat aspernatur aliquam. Iure similique iste voluptatum et vel omnis veritatis. Corrupti cum repellat odit officiis omnis.,235
35,3,ca-ehfs6-Q,15.76,23.02,18.61,https://marmelab.com/posters/cars-6.jpeg,https://marmelab.com/posters/cars-6.jpeg,Est necessitatibus nihil facere suscipit ut aut ex nemo et. Vero animi fugit molestias reiciendis est et suscipit. Praesentium aut vitae.,226
36,3,ca-rvo0k-X,18.79,24.46,26.28,https://marmelab.com/posters/cars-7.jpeg,https://marmelab.com/posters/cars-7.jpeg,Cumque quod dolore. Non reiciendis mollitia. Libero quasi illo officiis consectetur nostrum at expedita dolores. Id quasi qui. Dolorem qui molestiae est ipsam aliquam qui.,173
37,3,ca-c03rk-Y,33.03,37.42,73.1,https://marmelab.com/posters/cars-8.jpeg,https://marmelab.com/posters/cars-8.jpeg,Eum et placeat eius minima. Reprehenderit quaerat animi beatae debitis neque ut. Et consequuntur iure dolorem qui id.,197
38,3,ca-decd8-H,37.45,23.16,54.68,https://marmelab.com/posters/cars-9.jpeg,https://marmelab.com/posters/cars-9.jpeg,Non voluptas ipsam aut placeat facere. Voluptatem sit inventore. Blanditiis unde et omnis. Soluta magnam cupiditate accusamus accusamus id necessitatibus. Occaecati dolorem non quo dolores ullam.,0
39,3,ca-v5e9a-S,25.63,37.66,57.11,https://marmelab.com/posters/cars-10.jpeg,https://marmelab.com/posters/cars-10.jpeg,Iste et sit ut id omnis asperiores. Sint facilis temporibus optio quos consequatur reiciendis sint. Ut iusto aliquid exercitationem commodi dolorem.,80
40,4,ci-z54mt-R,18.09,14.74,13.37,https://marmelab.com/posters/city-1.jpeg,https://marmelab.com/posters/city-1.jpeg,Quia consequuntur corporis. Commodi similique provident corrupti deserunt omnis illum dignissimos cupiditate. Quam explicabo magni ea vero unde tempora est.,50
41,4,ci-9pwth-Y,24.79,11.94,19.54,https://marmelab.com/posters/city-2.jpeg,https://marmelab.com/posters/city-2.jpeg,Quasi quaerat velit quibusdam. Beatae ut eveniet et ipsum ipsam vitae. In qui delectus deleniti pariatur. Excepturi sit quia illum non. Omnis et ut at totam dolore amet occaecati sequi voluptatem.,94
42,4,ci-qd6kr-V,21.95,38.33,51.82,https://marmelab.com/posters/city-3.jpeg,https://marmelab.com/posters/city-3.jpeg,Dolores et molestiae enim voluptatem iure ea laborum. Eius et placeat id at sit. Impedit quas reprehenderit commodi porro.,145
43,4,ci-q6oqp-I,13.75,31.85,24.1,https://marmelab.com/posters/city-4.jpeg,https://marmelab.com/posters/city-4.jpeg,Odio a enim minima aut quaerat et neque esse. Expedita laudantium voluptates officiis non. Voluptatibus eum error nam nihil explicabo autem. Sunt ipsa dolorem voluptatibus aut maiores qui.,0
44,4,ci-x8by8-P,37.55,19.59,43.58,https://marmelab.com/posters/city-5.jpeg,https://marmelab.com/posters/city-5.jpeg,Natus saepe reiciendis sed ipsum aliquam. Assumenda asperiores et consequatur voluptatem reiciendis voluptatem. Asperiores voluptate et repellendus enim corrupti repellat sequi voluptatibus sed.,30
45,4,ci-btbyj-R,14.41,21.9,20.37,https://marmelab.com/posters/city-6.jpeg,https://marmelab.com/posters/city-6.jpeg,Necessitatibus sit et et non. Rerum ab et porro. Molestiae ea quia. Id laboriosam et ut dolor. Repellendus maiores ad provident aut nihil molestiae doloribus nihil dicta. Excepturi eum rem qui.,0
46,4,ci-wgmy9-B,30.38,14.09,28.01,https://marmelab.com/posters/city-7.jpeg,https://marmelab.com/posters/city-7.jpeg,Voluptate explicabo quas voluptates qui sequi aliquam optio. Quos id consequuntur recusandae. Eos explicabo et necessitatibus.,42
47,4,ci-7xdqm-H,11.77,37.05,28.04,https://marmelab.com/posters/city-8.jpeg,https://marmelab.com/posters/city-8.jpeg,Est vero sit recusandae voluptas repellendus sit similique mollitia numquam. Qui sed iure. Ut omnis ad ex sint explicabo aut ad cum. Aspernatur quasi reprehenderit aut sint veniam nobis ut vel at. Voluptas blanditiis doloribus quos est eum quisquam non nostrum ex. Laudantium nam eum sit mollitia dolores rerum et sequi id.,161
48,4,ci-8hhoe-O,28.14,15.78,22.38,https://marmelab.com/posters/city-9.jpeg,https://marmelab.com/posters/city-9.jpeg,Quod rerum nam expedita. Rerum deleniti iure. At dolorum consectetur blanditiis voluptatem sed qui quia. Sint perspiciatis sit ipsum ad amet. Dicta dolor dignissimos. Aspernatur voluptate iusto iste.,0
49,4,ci-trkvp-W,19.53,19.97,19.82,https://marmelab.com/posters/city-10.jpeg,https://marmelab.com/posters/city-10.jpeg,Doloribus enim asperiores molestiae dolore voluptas reiciendis. Temporibus incidunt in voluptatibus ullam. Error quisquam aspernatur quis voluptatem aut voluptas consectetur placeat. Doloribus placeat aut consequatur quas aut placeat porro aperiam et.,91
50,5,fl-qvhms-D,23.12,37.98,46.77,https://marmelab.com/posters/flowers-1.jpeg,https://marmelab.com/posters/flowers-1.jpeg,Sequi voluptas et saepe aut sapiente vel omnis voluptatem. Quam mollitia et. Rerum id voluptate dolor enim facere odit voluptas id.,222
51,5,fl-erwpl-S,27.22,22.53,33.8,https://marmelab.com/posters/flowers-2.jpeg,https://marmelab.com/posters/flowers-2.jpeg,Beatae aut nisi sit excepturi. Ut earum et nisi in nesciunt vitae. Aliquam dolor excepturi perferendis placeat molestias ullam et.,88
52,5,fl-9r50m-V,18.63,23.44,24.33,https://marmelab.com/posters/flowers-3.jpeg,https://marmelab.com/posters/flowers-3.jpeg,Saepe magni dolores. Aut non est qui aspernatur sed accusamus alias. Quia ut dolores enim officiis excepturi dicta molestias. Fugit dignissimos tempora praesentium sit odio tempora alias est.,149
53,5,fl-u3p8e-T,37,18.1,41.21,https://marmelab.com/posters/flowers-4.jpeg,https://marmelab.com/posters/flowers-4.jpeg,Ipsum aliquam ipsam soluta. Cumque odio odit omnis aspernatur aut ullam est reprehenderit. Voluptatem assumenda quidem doloribus. Fugit ratione accusamus esse corrupti. Explicabo nulla modi accusantium nam dolor est nihil. Est suscipit quod magni magni explicabo.,5
54,5,fl-en0zp-K,39.74,31.45,76.51,https://marmelab.com/posters/flowers-5.jpeg,https://marmelab.com/posters/flowers-5.jpeg,Ut nihil perferendis. Modi repellendus eos non alias ullam officiis dicta et quaerat. Reprehenderit at et autem qui autem pariatur odit est. Et ea quia libero ea ea expedita. Eum tempore qui. Deleniti veritatis aut officia quia ut in harum est.,8
55,5,fl-i3pqv-Q,22.81,36.8,47.48,https://marmelab.com/posters/flowers-6.jpeg,https://marmelab.com/posters/flowers-6.jpeg,Mollitia facere nesciunt. Repudiandae repellat quis excepturi rerum nostrum. Ut placeat error sint nesciunt pariatur. Dolor perspiciatis et ab alias illum quae sapiente. Doloremque magnam ab autem. Hic quibusdam suscipit reiciendis eos voluptatibus eaque.,109
56,5,fl-snx3d-R,28.01,17.68,25.9,https://marmelab.com/posters/flowers-7.jpeg,https://marmelab.com/posters/flowers-7.jpeg,Accusantium dolor minima et sed suscipit. Nisi tempore minus. At quasi omnis vel aut unde. Minus nihil deleniti quisquam debitis nisi aut.,98
57,5,fl-450ts-A,32.02,15.15,30.55,https://marmelab.com/posters/flowers-8.jpeg,https://marmelab.com/posters/flowers-8.jpeg,Minima est architecto minima debitis perspiciatis ut minima similique. Sequi veniam modi vero. Ut rerum ab. Suscipit deleniti aut ipsa eum mollitia quidem aperiam dolor dicta. Ut voluptas et. Doloremque sed voluptas laboriosam voluptatem beatae.,93
58,5,fl-ao3a9-L,36.64,28.36,55.18,https://marmelab.com/posters/flowers-9.jpeg,https://marmelab.com/posters/flowers-9.jpeg,Iure enim ut placeat. Unde dolorem nihil at minima dignissimos. Amet quo quo voluptate earum fuga. Dolor eos tenetur adipisci amet vero ut blanditiis. Hic in nulla hic ullam dolores. Mollitia voluptatem minima aliquid consequuntur enim dolor dolorem voluptatem.,190
59,5,fl-qrlud-W,36.32,27.77,64.58,https://marmelab.com/posters/flowers-10.jpeg,https://marmelab.com/posters/flowers-10.jpeg,Mollitia quidem dignissimos excepturi ab rerum modi ducimus voluptates odit. Quisquam pariatur nostrum quia odit quas. Quia omnis provident eveniet rerum eligendi aliquam qui quis. Ipsa aspernatur expedita eum. Facilis provident aliquam sed sit ab libero. Voluptas provident nam quia quia ut.,126
60,6,fo-s8av3-R,29.85,35.47,59.04,https://marmelab.com/posters/food-1.jpeg,https://marmelab.com/posters/food-1.jpeg,Vero rem rem corporis delectus animi cumque sunt deleniti nostrum. Ea corrupti animi sapiente voluptatibus fugiat quidem totam est corrupti. Voluptates enim necessitatibus impedit temporibus consequatur omnis.,127
61,6,fo-pihzd-I,18.96,10.2,11.82,https://marmelab.com/posters/food-2.jpeg,https://marmelab.com/posters/food-2.jpeg,In cupiditate laborum odio sint voluptates voluptas. Aliquam quos sed sint. Earum fugiat dignissimos nulla recusandae cum. Modi aut quod impedit esse magni. Cumque modi nostrum.,0
62,6,fo-sku2f-L,32.49,34.67,65.32,https://marmelab.com/posters/food-3.jpeg,https://marmelab.com/posters/food-3.jpeg,Totam mollitia ea non aliquam omnis ullam laboriosam. Non nulla autem. Voluptas iste laborum voluptas. Consequatur voluptate ut quia. Soluta est ut. Ducimus nemo cumque ut asperiores iure dolor.,0
63,6,fo-fpthw-L,39.1,32.88,76.74,https://marmelab.com/posters/food-4.jpeg,https://marmelab.com/posters/food-4.jpeg,Reprehenderit et rem quis qui sit beatae a omnis. Voluptas aut velit voluptatibus et adipisci optio facere ratione. Laudantium omnis iure repellat. Commodi rerum rerum sapiente tempore. Sed quis sint corrupti nulla enim itaque et. Asperiores sequi harum voluptatem qui autem rerum consequuntur non.,0
64,6,fo-sq0x8-C,22.03,14.03,18.05,https://marmelab.com/posters/food-5.jpeg,https://marmelab.com/posters/food-5.jpeg,Facilis vel quibusdam cumque odit. Voluptatum doloribus voluptas porro omnis sed ab quisquam. Praesentium dolorum tenetur error consequatur dolores quas. Ut voluptatem doloremque culpa amet officiis. Et illo sed harum. Iusto quae ut et aut dolorem ut nihil culpa ut.,172
65,6,fo-t51x3-V,19.53,13.66,15.7,https://marmelab.com/posters/food-6.jpeg,https://marmelab.com/posters/food-6.jpeg,Fugiat ullam atque expedita est. Doloremque voluptas aut commodi minus. Sed atque vel incidunt maxime. Officia numquam consequatur corporis libero eum aut mollitia vitae.,0
66,6,fo-4yh5f-A,28.05,26.16,47.68,https://marmelab.com/posters/food-7.jpeg,https://marmelab.com/posters/food-7.jpeg,Est qui nihil molestias nisi nihil. Aut ut est. Cupiditate necessitatibus aut repudiandae debitis et ut voluptas voluptas omnis. Aut aperiam totam reiciendis.,45
67,6,fo-189w2-Q,13.97,10.68,9.9,https://marmelab.com/posters/food-8.jpeg,https://marmelab.com/posters/food-8.jpeg,Non illum esse libero occaecati adipisci iure quo. Est porro sunt dolorem veniam libero. Molestiae doloremque natus quia iste. Doloribus culpa est enim. Voluptatem temporibus libero rem error et enim.,58
68,6,fo-inbrc-Q,33.65,38.33,76.51,https://marmelab.com/posters/food-9.jpeg,https://marmelab.com/posters/food-9.jpeg,Hic maxime voluptatem doloribus dolor. Delectus consequatur modi. Sint autem consequuntur aut rerum. Iusto atque hic rerum blanditiis asperiores dolore facilis veniam. Repellat rerum ea. Quasi maiores iusto quae deleniti.,201
69,6,fo-y97v7-L,37.04,17.37,37.55,https://marmelab.com/posters/food-10.jpeg,https://marmelab.com/posters/food-10.jpeg,Consequatur minima eum quo molestias impedit non qui. Est blanditiis dolor autem. Vel dolores numquam soluta et ratione quia tempore. Est rem aperiam perspiciatis et. Voluptate voluptatem facere ratione. Expedita eos et quod.,17
70,7,na-nlfd0-U,14.63,33.55,28.24,https://marmelab.com/posters/nature-1.jpeg,https://marmelab.com/posters/nature-1.jpeg,Soluta unde voluptatem consequatur dolor voluptatem voluptate ullam dolore. Architecto a unde quaerat fuga et sint impedit eum velit. Et tempore enim eos occaecati dignissimos.,188
71,7,na-gr8rg-S,33.62,11.49,19.43,https://marmelab.com/posters/nature-2.jpeg,https://marmelab.com/posters/nature-2.jpeg,Eius iure animi optio iusto quia. Dolorem vel eum omnis. Et consequatur quia laudantium minus molestiae architecto omnis. Id est itaque.,172
72,7,na-fwcg4-M,18.32,11.15,10.9,https://marmelab.com/posters/nature-3.jpeg,https://marmelab.com/posters/nature-3.jpeg,Possimus ab similique qui quidem et tempore nulla nostrum. Amet ex nemo quasi. Est cupiditate enim ducimus aliquid amet reprehenderit totam. Ipsa repellendus veritatis eligendi voluptatibus placeat atque. Voluptates dignissimos ducimus. Tempora quia nisi quos quibusdam sit quasi quos.,0
73,7,na-7aw50-Z,30.78,26.34,44.38,https://marmelab.com/posters/nature-4.jpeg,https://marmelab.com/posters/nature-4.jpeg,Fugit aperiam et tempore. Nihil deserunt voluptatem sit est hic quos dignissimos dolores. Iste vel tenetur assumenda perspiciatis nemo voluptas. Natus quasi voluptatem vel assumenda labore laboriosam voluptas alias voluptatem.,0
74,7,na-j8xhh-V,20,35.61,42.15,https://marmelab.com/posters/nature-5.jpeg,https://marmelab.com/posters/nature-5.jpeg,Corporis et in distinctio magnam. Ut omnis excepturi est quos recusandae doloribus et illum. Sint impedit voluptas soluta impedit voluptas quae consequuntur voluptates harum.,75
75,7,na-wvwy0-Z,34.98,32.1,70.11,https://marmelab.com/posters/nature-6.jpeg,https://marmelab.com/posters/nature-6.jpeg,Labore rerum et vel laborum eos incidunt optio. Est ut cupiditate quam vel vel itaque. Vitae doloremque quidem aspernatur voluptatum dolorem ullam. Numquam doloribus quas cumque sed omnis corporis quis.,91
76,7,na-3z2ku-W,39.74,18.09,45.04,https://marmelab.com/posters/nature-7.jpeg,https://marmelab.com/posters/nature-7.jpeg,Ullam molestiae asperiores ut vero officiis totam. Totam molestias soluta molestias sit. Voluptatem dolor enim totam eveniet omnis ut et. Alias voluptate expedita. Labore temporibus mollitia assumenda sint. Dolores recusandae autem saepe fugiat possimus impedit dolorum.,153
77,7,na-b3fay-F,34.26,14.83,28.72,https://marmelab.com/posters/nature-8.jpeg,https://marmelab.com/posters/nature-8.jpeg,In voluptatem quo. Exercitationem sint dicta. Sit qui minima ut.,41
78,7,na-xc5l1-L,34.78,26.05,51.95,https://marmelab.com/posters/nature-9.jpeg,https://marmelab.com/posters/nature-9.jpeg,Consequuntur ad minima iure et quaerat. Officia eum eum molestias occaecati at earum. Reiciendis veniam exercitationem ut sed. Non cupiditate explicabo velit natus ut ullam.,234
79,7,na-5i7pu-Y,33.77,38.04,77.94,https://marmelab.com/posters/nature-10.jpeg,https://marmelab.com/posters/nature-10.jpeg,Eum nam consequatur tenetur laudantium. Quis reprehenderit recusandae accusantium fuga asperiores quae. Consequuntur dolores necessitatibus iure. Voluptatum nihil ut quia minus ut voluptatem labore. Molestiae fuga nostrum quos velit.,212
80,8,pe-v3oxs-N,15.87,18.39,18.25,https://marmelab.com/posters/people-1.jpeg,https://marmelab.com/posters/people-1.jpeg,Quae nihil quam nisi eos autem voluptatem. Nulla et in. A quam inventore. Eaque officia praesentium praesentium cum.,50
81,8,pe-bzcj6-U,16.81,24.56,24.25,https://marmelab.com/posters/people-2.jpeg,https://marmelab.com/posters/people-2.jpeg,Iste consequatur consequatur saepe pariatur. Porro quasi minus corrupti molestiae. Nesciunt laboriosam et numquam minima et. Aperiam ut quis veritatis dignissimos. Et dolor necessitatibus expedita sunt consequatur expedita aliquam. Laborum et et culpa.,232
82,8,pe-pm4go-C,18.44,38.1,36.65,https://marmelab.com/posters/people-3.jpeg,https://marmelab.com/posters/people-3.jpeg,Recusandae enim fugiat a et quidem. Minus in minus occaecati perferendis perspiciatis voluptas at esse. Et porro autem similique. Voluptas neque temporibus et. Et architecto et quia recusandae architecto quae tempora est autem. Eius debitis aut.,59
83,8,pe-2yrqu-R,19.56,22.27,27.45,https://marmelab.com/posters/people-4.jpeg,https://marmelab.com/posters/people-4.jpeg,Maxime qui nisi. Rerum corporis quis iure. Nostrum sapiente id unde. Explicabo esse deleniti tempora.,37
84,8,pe-p2zid-D,38.61,28.5,68.48,https://marmelab.com/posters/people-5.jpeg,https://marmelab.com/posters/people-5.jpeg,Alias deleniti numquam amet. Odit inventore quas quod labore maiores qui cumque. Placeat dignissimos praesentium voluptate commodi eos ea non.,178
85,8,pe-3bevr-R,22.42,26.61,29.87,https://marmelab.com/posters/people-6.jpeg,https://marmelab.com/posters/people-6.jpeg,Ad ab maxime dolor rem dignissimos voluptates. Ipsam quasi eum exercitationem ut omnis velit eaque. Aut quia ea.,97
86,8,pe-mud90-Z,10.3,14.13,9.27,https://marmelab.com/posters/people-7.jpeg,https://marmelab.com/posters/people-7.jpeg,Pariatur maiores itaque aut maxime omnis in consequatur maiores necessitatibus. In earum officiis quia fugit. Et ullam dicta animi assumenda qui aut neque.,236
87,8,pe-u29lv-J,33.83,21.61,40.69,https://marmelab.com/posters/people-8.jpeg,https://marmelab.com/posters/people-8.jpeg,Numquam cumque excepturi sunt repudiandae dolores consectetur necessitatibus est molestiae. Voluptatem fugit et et et magni illum debitis culpa at. Sed perferendis voluptates. Dolores ut repellendus rerum itaque eum perferendis qui impedit. Sit quo et enim doloremque fugiat quod quis consectetur qui. Consectetur nemo expedita ullam sunt eaque sed.,0
88,8,pe-qy5dk-A,20.13,15.53,16.48,https://marmelab.com/posters/people-9.jpeg,https://marmelab.com/posters/people-9.jpeg,Eligendi est alias odio. Repellendus qui qui molestiae quos. Natus iure vel voluptatem fuga. Quibusdam qui vitae rerum illo aut. Vero quidem possimus et quibusdam numquam sunt consequatur sed. Quis voluptatem et.,0
89,8,pe-3brya-Y,14.91,28.71,22.39,https://marmelab.com/posters/people-10.jpeg,https://marmelab.com/posters/people-10.jpeg,Accusamus in incidunt delectus voluptatem praesentium ipsa inventore aut aliquid. Similique dolor mollitia quod unde sequi. Autem hic cumque eos molestiae dicta. Dignissimos aut tenetur ut aut minus ut iste culpa.,124
90,9,sp-9k7i2-F,26.6,32.36,52.06,https://marmelab.com/posters/sports-1.jpeg,https://marmelab.com/posters/sports-1.jpeg,Reprehenderit aut ut et explicabo. Eum quia aut quia voluptas provident repellendus qui est. Omnis sed voluptas velit ipsa sit veritatis. Quo quam non ipsam molestias qui nam. Ipsam doloremque earum voluptatem fugit error vel consequatur aut ut.,96
91,9,sp-pfyxv-H,14.45,25.15,20.91,https://marmelab.com/posters/sports-2.jpeg,https://marmelab.com/posters/sports-2.jpeg,Ut cumque esse sunt qui ratione temporibus fugiat repudiandae sint. Aut asperiores omnis quis. Amet deserunt autem.,142
92,9,sp-3ixsh-V,38.32,26.63,59.56,https://marmelab.com/posters/sports-3.jpeg,https://marmelab.com/posters/sports-3.jpeg,Amet iste necessitatibus explicabo. Similique cumque et totam veritatis eos. Ipsam ratione laudantium ducimus officia nulla sequi voluptates sint asperiores.,0
93,9,sp-fxu17-T,28.6,38.09,64.65,https://marmelab.com/posters/sports-4.jpeg,https://marmelab.com/posters/sports-4.jpeg,Incidunt exercitationem enim aperiam exercitationem. Ipsa ullam doloremque corporis veritatis facere quia. Repudiandae quod pariatur dolore quo incidunt amet ad. Minima sed eos. Vel qui voluptas perspiciatis molestiae eveniet nobis vel.,101
94,9,sp-o2f1j-K,13.32,33.38,27.34,https://marmelab.com/posters/sports-5.jpeg,https://marmelab.com/posters/sports-5.jpeg,Eius sapiente sequi amet vel vel voluptatum omnis impedit. Officia aut ducimus a. Molestiae tempore fugiat asperiores voluptas officia nostrum sed maiores culpa. Voluptatibus labore dolorem eaque quibusdam omnis. Repellendus quia illo ut et veritatis est.,79
95,9,sp-0jsjz-D,13.05,35.28,27.41,https://marmelab.com/posters/sports-6.jpeg,https://marmelab.com/posters/sports-6.jpeg,Optio voluptas non illo et. Aliquam repudiandae ut aspernatur laboriosam laboriosam et. Non consequuntur aut corporis est nihil placeat voluptates nihil. Inventore et ratione inventore quia non. Sit ut et in.,195
96,9,sp-wgdua-O,33.01,25.9,52.24,https://marmelab.com/posters/sports-7.jpeg,https://marmelab.com/posters/sports-7.jpeg,Molestiae totam aut provident iusto recusandae impedit. Eveniet vitae enim explicabo accusamus quo qui quidem. Dolor recusandae sed facere nam quos est vel. Quia et qui cupiditate nemo officia quia vitae dignissimos illo. Quia explicabo iste.,145
97,9,sp-51snr-T,24.11,34.58,50.86,https://marmelab.com/posters/sports-8.jpeg,https://marmelab.com/posters/sports-8.jpeg,Eaque repudiandae assumenda non eaque. Blanditiis vel cumque itaque et placeat error. Enim distinctio voluptate et delectus corporis numquam dolores.,0
98,9,sp-oaf3q-B,35.41,14.45,27.54,https://marmelab.com/posters/sports-9.jpeg,https://marmelab.com/posters/sports-9.jpeg,Hic sit voluptatem incidunt rerum corporis aut eos itaque mollitia. Deleniti corporis est. Iure omnis possimus quis sequi explicabo aliquam. Consequatur magni alias ea. Repellendus voluptatibus quos aperiam.,18
99,9,sp-5c2a8-N,31.6,11.75,24.21,https://marmelab.com/posters/sports-10.jpeg,https://marmelab.com/posters/sports-10.jpeg,Aut animi illo. Reiciendis quisquam mollitia ut vero architecto dolore nostrum possimus qui. Sapiente nulla non ut.,0
100,10,te-en9so-V,36.77,30.95,59.31,https://marmelab.com/posters/tech-1.jpeg,https://marmelab.com/posters/tech-1.jpeg,Qui repellat perspiciatis rem vitae et iusto est. Nihil perferendis ipsam et. Perspiciatis autem assumenda accusamus et deleniti ad. Illum exercitationem odit vel. Perspiciatis quibusdam quas. Illum omnis voluptatem ut exercitationem maiores autem non.,219
101,10,te-iqm74-B,25.12,14.91,20.57,https://marmelab.com/posters/tech-2.jpeg,https://marmelab.com/posters/tech-2.jpeg,Rem maxime eveniet. Vitae quae provident et sit possimus nemo in voluptate. Quaerat sed occaecati nam suscipit voluptates inventore similique voluptas. Aut enim qui neque quas. Et quisquam in rem ut.,149
102,10,te-pp9p3-D,28.02,20.66,37.97,https://marmelab.com/posters/tech-3.jpeg,https://marmelab.com/posters/tech-3.jpeg,Natus id quidem est repellat fugit. Rerum qui officia. Aut deleniti mollitia rerum rerum. Laboriosam expedita reprehenderit aliquid. Et ipsum quidem corporis magnam maxime quia voluptatum ratione voluptatem. Doloremque aut excepturi.,123
103,10,te-lj88z-A,22.93,28,37.7,https://marmelab.com/posters/tech-4.jpeg,https://marmelab.com/posters/tech-4.jpeg,Dolorum odio veniam qui aut eum consequatur eum voluptatum. Molestiae explicabo voluptatem. Aut ut id blanditiis. Sint expedita explicabo cumque labore odio accusamus nihil. Quia quis voluptas quis.,9
104,10,te-78uwd-S,16.4,38.57,32.74,https://marmelab.com/posters/tech-5.jpeg,https://marmelab.com/posters/tech-5.jpeg,Ut repellat illum odit deleniti sit. Molestiae libero dolor aperiam repellat odio. Unde ratione voluptatibus unde odit nihil dolorem aut iure alias. Veniam rerum quia soluta sapiente pariatur voluptas voluptatibus odit quia. Quod nobis maiores sunt dolores. Consequatur unde aut corrupti veniam aut.,29
105,10,te-89rrc-H,13.22,21.18,14.02,https://marmelab.com/posters/tech-6.jpeg,https://marmelab.com/posters/tech-6.jpeg,Eos doloribus ad nam est ullam ut qui placeat ut. Veniam eum iste sit repellat aut et. Beatae excepturi sed. Et facilis consequatur vero qui excepturi. Veritatis eos libero quis accusamus consequatur nesciunt saepe natus quisquam. Cupiditate in iste et iusto perferendis magnam maiores eius corrupti.,160
106,10,te-784lh-S,28.94,37.82,66.02,https://marmelab.com/posters/tech-7.jpeg,https://marmelab.com/posters/tech-7.jpeg,Minima rerum cupiditate rerum. Quibusdam sit vel earum aliquam. Dignissimos non atque iusto non cupiditate laboriosam. Exercitationem odit vel corrupti et natus aliquid et aspernatur.,0
107,10,te-5njdc-Q,39.4,23.68,53.06,https://marmelab.com/posters/tech-8.jpeg,https://marmelab.com/posters/tech-8.jpeg,Vel delectus dolores et ut. Iste ut a nobis blanditiis rerum distinctio a id. Et rerum perspiciatis suscipit quis quo animi cum voluptas culpa.,249
108,10,te-n433s-S,28.85,17.54,30.2,https://marmelab.com/posters/tech-9.jpeg,https://marmelab.com/posters/tech-9.jpeg,Quos optio quidem. Est aspernatur vitae nihil dolore ipsam ea. Quae molestiae velit. Maiores odio nobis.,68
109,10,te-qiprj-M,37.28,15.93,37.57,https://marmelab.com/posters/tech-10.jpeg,https://marmelab.com/posters/tech-10.jpeg,Minima odio aliquam vel id. Eius suscipit debitis vel. Enim dolorem atque tempore impedit.,159
110,11,tr-gmcil-L,24.92,16.14,25.17,https://marmelab.com/posters/travel-1.jpeg,https://marmelab.com/posters/travel-1.jpeg,Est deleniti aperiam et earum ut illum. Qui enim at velit necessitatibus. Et illo facere eius et atque est consectetur accusantium optio. Rem sunt commodi rerum animi officiis minima nemo totam amet.,114
111,11,tr-zwuj6-B,39.55,32.26,70.41,https://marmelab.com/posters/travel-2.jpeg,https://marmelab.com/posters/travel-2.jpeg,Aut quia voluptatem occaecati voluptate perferendis. Omnis nisi qui harum iure error. Repudiandae itaque voluptatem veniam perferendis dolor velit eum in omnis. Ut dolor odio eaque iure quia dolorem occaecati sint. Sit omnis alias nesciunt autem recusandae maiores rerum.,0
112,11,tr-tlujz-K,14.24,17.44,15.57,https://marmelab.com/posters/travel-3.jpeg,https://marmelab.com/posters/travel-3.jpeg,Quasi quam nulla quas quo deleniti sint accusamus. Sequi debitis maxime numquam rerum error sit enim iure. Illum harum placeat earum et ducimus consequatur qui. Voluptate iste error sequi magnam excepturi sequi nam sint. Quam fuga harum.,0
113,11,tr-x3004-I,35.53,31.79,61.4,https://marmelab.com/posters/travel-4.jpeg,https://marmelab.com/posters/travel-4.jpeg,Suscipit ut ex et dolore voluptatibus itaque magni ad. Hic amet vero officiis dolores reiciendis accusantium quia molestiae nisi. Voluptas recusandae fugiat animi esse. Ea inventore placeat. Beatae rerum neque cum nulla quisquam veritatis neque. Molestiae et vero autem laudantium dolorem tenetur magni impedit.,146
114,11,tr-7j29s-Y,25.36,13.39,22.64,https://marmelab.com/posters/travel-5.jpeg,https://marmelab.com/posters/travel-5.jpeg,Quidem et molestiae est deleniti inventore rerum modi perspiciatis. Occaecati assumenda perspiciatis odit a. Similique odio magni dolorem. Magni ut ipsa dicta quas.,0
115,11,tr-crur2-O,36.41,24.5,51.57,https://marmelab.com/posters/travel-6.jpeg,https://marmelab.com/posters/travel-6.jpeg,Aut sint iste eum explicabo fugiat magnam ex. Dolorum aut consectetur hic repudiandae voluptatum ullam et. Eum dignissimos vel omnis doloremque aut architecto.,0
116,11,tr-e994s-C,33.69,35.2,64.76,https://marmelab.com/posters/travel-7.jpeg,https://marmelab.com/posters/travel-7.jpeg,Minima et molestiae quod soluta odit porro. Error est quis qui enim architecto ut reprehenderit nihil eligendi. Necessitatibus incidunt labore architecto sed quod nihil necessitatibus nihil. Quae quod aliquid distinctio quisquam occaecati aut excepturi.,248
117,11,tr-1usit-T,38.29,39.17,81.44,https://marmelab.com/posters/travel-8.jpeg,https://marmelab.com/posters/travel-8.jpeg,Molestias maiores aspernatur consequatur odit. Eius ex hic aspernatur. Optio voluptas natus dignissimos. Sed ipsa perspiciatis consequatur quaerat exercitationem fugit numquam ipsum.,172
118,11,tr-f1u76-N,22.14,23.54,32.17,https://marmelab.com/posters/travel-9.jpeg,https://marmelab.com/posters/travel-9.jpeg,Consequuntur et quia dolores ipsa eos magnam et voluptas magnam. Beatae enim exercitationem aspernatur. Perspiciatis dignissimos temporibus voluptate. Eveniet rerum dolores.,0
119,11,tr-mrd2d-W,35.2,39.51,81.23,https://marmelab.com/posters/travel-10.jpeg,https://marmelab.com/posters/travel-10.jpeg,Accusamus omnis incidunt blanditiis. Voluptatem est suscipit. Error repellat consequuntur consectetur quos expedita nostrum quaerat suscipit. Quis id sint magnam cupiditate.,0
120,12,wa-rptwe-A,17.67,18.28,20.14,https://marmelab.com/posters/water-1.jpeg,https://marmelab.com/posters/water-1.jpeg,Aperiam earum recusandae dolorem minus. Quo molestias nihil similique quasi autem placeat numquam fugit. Recusandae ex suscipit est accusantium et.,0
121,12,wa-mq7me-H,11.81,21.96,16.8,https://marmelab.com/posters/water-2.jpeg,https://marmelab.com/posters/water-2.jpeg,Cupiditate eveniet laborum rerum est sunt ut cum. Voluptatem et a est repellendus qui deleniti. Blanditiis accusantium aut nobis sed vitae molestiae molestias. Explicabo ipsum dolores omnis eius reiciendis. Alias recusandae occaecati possimus itaque ipsa repellat.,180
122,12,wa-kugms-K,15.44,30.37,26.6,https://marmelab.com/posters/water-3.jpeg,https://marmelab.com/posters/water-3.jpeg,Minima ab excepturi officiis. Nihil inventore porro. Amet velit laudantium non. Quisquam quae quae mollitia quaerat voluptates ipsa est.,156
123,12,wa-9o4z0-A,24.33,38,53.39,https://marmelab.com/posters/water-4.jpeg,https://marmelab.com/posters/water-4.jpeg,Assumenda eos ratione unde vel reprehenderit dolorum. Consequuntur assumenda commodi ut fugiat impedit. Rerum aut saepe. Quia dolorem et alias dicta dolore quidem rerum eveniet et. Debitis quia ullam hic cupiditate molestiae occaecati omnis velit nesciunt. Eligendi porro in ad aliquid sunt.,100
124,12,wa-w3y9t-E,30.28,31.64,58.62,https://marmelab.com/posters/water-5.jpeg,https://marmelab.com/posters/water-5.jpeg,Non magnam voluptatem tempore error non. Qui voluptas ut voluptatum tenetur qui occaecati. Repudiandae at rem veniam repellendus quia neque molestias similique. Dolorem quidem dolores ut nostrum laborum corporis aliquid quos. Reprehenderit facilis sint porro id tempora minus quisquam.,237
125,12,wa-3wg32-T,18.9,10.41,10.6,https://marmelab.com/posters/water-6.jpeg,https://marmelab.com/posters/water-6.jpeg,Omnis est velit saepe rerum. Molestiae eaque facere quia doloremque. Placeat aut rerum et molestiae.,0
126,12,wa-pnda6-I,13.89,33.51,27.88,https://marmelab.com/posters/water-7.jpeg,https://marmelab.com/posters/water-7.jpeg,Unde quae tenetur est rerum mollitia eaque rem quia. Eos consequuntur et dolore vero excepturi accusantium. Facere molestiae ipsa quae nobis accusamus qui possimus sed unde.,0
127,12,wa-4l6eu-F,28.22,31.08,47.22,https://marmelab.com/posters/water-8.jpeg,https://marmelab.com/posters/water-8.jpeg,Reprehenderit magni ut placeat sed ut. Rerum tempora eligendi est molestiae animi. Autem et sunt facilis. Sapiente voluptas illum animi deserunt numquam veritatis. Inventore ullam optio et quia aut impedit maxime expedita soluta.,152
128,12,wa-z0904-V,30.24,10.37,15.86,https://marmelab.com/posters/water-9.jpeg,https://marmelab.com/posters/water-9.jpeg,Eveniet placeat pariatur iusto. Dicta ut sunt quam. Et dolorem et natus explicabo cupiditate voluptates laboriosam. Maxime non sunt aut temporibus consequatur.,90
129,12,wa-1irmy-J,31.86,30.15,54.77,https://marmelab.com/posters/water-10.jpeg,https://marmelab.com/posters/water-10.jpeg,Temporibus laboriosam sunt ullam quisquam molestiae. Aut voluptate atque ut earum magni est. Ad est dolorum aut.,43